{
	"ITsupport": {
		"estimate": {
			"intercept": 6.81084301915415,
			"regionalSwitzerland": 0.00999993256329952,
			"bespokeStandard": 0.059837711589051,
			"bespokeHighEnd": 0.165980984506754,
			"employeesCount": 0.112039297123712,
			"processLeadingPersonnel": -0.00132700593650161,
			"partnersCount": 0.11759305686746,
			"locationNumber": 0.33042232035321,
			"revenuePerYear": -0.000000270587566127234,
			"operatingCostsPerYear": 0.00000034895825954538
		},
		"range": [100, 65000],
		"matrix": [
			[
				0.433328410471047, 0.318320177201186, -0.113192875988776, -0.100473079193991, 0.00976866670645247, -0.000316132041989536, -0.0205287373506748, -0.289547312727278,
				-0.00000000907052981320631, -0.000000025771740091855
			],
			[
				0.318320177201186, 0.477739438778211, -0.0102470934340546, 0.0067142086383518, 0.00758588176420154, 0.0000372174281961548, -0.0113029716091963, -0.31898936525223,
				0.000000000654495436599116, -0.0000000379997423898232
			],
			[
				-0.113192875988776, -0.0102470934340546, 0.115637320691274, 0.100301856779644, -0.00122213091948555, 0.0000233889364698979, 0.00168378176995874, 0.012163606662657,
				0.00000000214765767413562, -0.000000000688178188135352
			],
			[
				-0.100473079193991, 0.0067142086383518, 0.100301856779644, 0.144598585306332, 0.000248711365899321, -0.00000441545484044566, -0.00111239111560672, 0.00190040903794856,
				0.00000000674862573745835, -0.0000000153766855997767
			],
			[
				0.00976866670645247, 0.00758588176420154, -0.00122213091948555, 0.000248711365899321, 0.00197638999891988, 0.0000125918146337366, -0.00186593584188788, -0.0104212947671301,
				-0.0000000045140516032501, -0.00000000314446605606433
			],
			[
				-0.000316132041989536, 0.0000372174281961548, 0.0000233889364698979, -0.00000441545484044566, 0.0000125918146337366, 0.00000609532517188025, -0.0000226023705537229,
				-0.0000471065346910801, 0.0000000000492213444997054, -0.000000000108953688690954
			],
			[
				-0.0205287373506748, -0.0113029716091963, 0.00168378176995874, -0.00111239111560672, -0.00186593584188788, -0.0000226023705537229, 0.00978106344531486, 0.0115115570585652,
				-0.0000000059897265986311, 0.00000000911190105020837
			],
			[
				-0.289547312727278, -0.31898936525223, 0.012163606662657, 0.00190040903794856, -0.0104212947671301, -0.0000471065346910801, 0.0115115570585652, 0.282951677144795,
				0.0000000111873520970776, 0.0000000330280390119364
			],
			[
				-0.00000000907052981320631, 0.000000000654495436599116, 0.00000000214765767413562, 0.00000000674862573745835, -0.0000000045140516032501, 0.0000000000492213444997054,
				-0.0000000059897265986311, 0.0000000111873520970776, 0.000000000000091492293946947, -0.0000000000000968218062516546
			],
			[
				-0.000000025771740091855, -0.0000000379997423898232, -0.000000000688178188135352, -0.0000000153766855997767, -0.00000000314446605606433, -0.000000000108953688690954,
				0.00000000911190105020837, 0.0000000330280390119364, -0.0000000000000968218062516546, 0.000000000000158551680924834
			]
		],
		"tValue": 1.975693928
	}
}
